{"options":{"check_for_updates":true,"comment":null,"compat_foreach":false,"compat_metadata":false,"compat_powerful_this":null,"compat_wrappedjsobject":false,"compatopts_for_requires":true,"noframes":null,"override":{"merge_connects":true,"merge_excludes":true,"merge_includes":true,"merge_matches":true,"orig_connects":["chordify.net"],"orig_excludes":[],"orig_includes":[],"orig_matches":["https://music.youtube.com/*"],"orig_noframes":null,"orig_run_at":"document-idle","orig_run_in":[],"orig_tags":[],"use_blockers":[],"use_connects":[],"use_excludes":[],"use_includes":[],"use_matches":[]},"run_at":null,"run_in":null,"sandbox":null,"tags":[],"unwrap":null,"user_modified":1749517264828},"settings":{"enabled":false,"position":4},"meta":{"name":"YouTube Music + Chordify Info (Stable)","uuid":"eb32ca19-0c97-44e8-a577-6c1f2104db68","modified":1749517264828}}