{"options":{"check_for_updates":true,"user_modified":null,"comment":null,"compatopts_for_requires":true,"compat_wrappedjsobject":false,"compat_metadata":false,"compat_foreach":false,"compat_powerful_this":null,"sandbox":null,"noframes":null,"unwrap":null,"run_at":null,"run_in":null,"tags":[],"override":{"merge_connects":true,"merge_excludes":true,"merge_includes":true,"merge_matches":true,"orig_connects":["chordify.net"],"orig_excludes":[],"orig_includes":[],"orig_matches":["https://music.youtube.com/*"],"orig_noframes":null,"orig_run_at":"document-idle","orig_run_in":[],"orig_tags":[],"use_blockers":[],"use_connects":["chordify.net"],"use_excludes":[],"use_includes":[],"use_matches":[]}},"settings":{"enabled":true,"position":8},"meta":{"name":"YouTube Music + Chordify Info + Iframe com Botão ON/OFF ao Lado da Busca","uuid":"d34f6483-3208-4dc8-8a17-17b2222383ba","modified":1750501514277}}