{"options":{"check_for_updates":true,"comment":null,"compat_foreach":false,"compat_metadata":false,"compat_powerful_this":null,"compat_wrappedjsobject":false,"compatopts_for_requires":true,"noframes":null,"override":{"merge_connects":true,"merge_excludes":true,"merge_includes":true,"merge_matches":true,"orig_connects":[],"orig_excludes":[],"orig_includes":[],"orig_matches":["*://*.scribd.com/*","*://*.slideshare.net/slideshow/*"],"orig_noframes":null,"orig_run_at":"document-idle","orig_run_in":[],"orig_tags":[],"use_blockers":[],"use_connects":[],"use_excludes":[],"use_includes":[],"use_matches":[]},"run_at":null,"run_in":null,"sandbox":null,"tags":[],"unwrap":null,"user_modified":1749900707948},"settings":{"enabled":false,"position":7},"meta":{"name":"Scribd & SlideShare Viewer/Downloader (dois botões PDF)","uuid":"016f890e-9405-4b33-88f7-1472bacdc744","modified":1749900707947,"file_url":"https://update.greasyfork.org/scripts/535783/Scribd%20%20SlideShare%20ViewerDownloader.user.js"}}