{"options":{"check_for_updates":true,"user_modified":1749517810124,"comment":null,"compatopts_for_requires":true,"compat_wrappedjsobject":false,"compat_metadata":false,"compat_foreach":false,"compat_powerful_this":null,"sandbox":null,"noframes":null,"unwrap":null,"run_at":null,"run_in":null,"tags":[],"override":{"merge_connects":true,"merge_excludes":true,"merge_includes":true,"merge_matches":true,"orig_connects":["chordify.net"],"orig_excludes":[],"orig_includes":[],"orig_matches":["https://www.youtube.com/watch*"],"orig_noframes":null,"orig_run_at":"document-idle","orig_run_in":[],"orig_tags":[],"use_blockers":[],"use_connects":[],"use_excludes":[],"use_includes":[],"use_matches":[]}},"settings":{"enabled":true,"position":3},"meta":{"name":"YouTube + Chordify Info (Stable)","uuid":"79a72884-f961-4065-9d13-0742123b7ee8","modified":1749517810123}}